producto_id,monto_sum,monto_mean,monto_min,monto_max,monto_count,cantidad_sum,cantidad_mean
1,10497.25,499.8690476190476,48.94,1629.4499999999998,21,180,8.571428571428571
2,12424.29,591.6328571428572,22.78,1715.32,21,202,9.619047619047619
3,9919.43,661.2953333333334,43.32,1585.6,15,139,9.266666666666667
4,14355.2,531.6740740740742,45.38,1648.6299999999999,27,237,8.777777777777779
5,8062.7300000000005,503.92062500000003,68.47,1569.78,16,156,9.75
